payment_date,payment,interest,principal,remaining_balance
2026-05-15,200.00,25.00,175.00,4825.00
2026-06-15,200.00,24.12,175.88,4649.12
2026-07-15,200.00,23.25,176.75,4472.37
2026-08-15,200.00,22.36,177.64,4294.73
2026-09-15,200.00,21.47,178.53,4116.20
2026-10-15,200.00,20.58,179.42,3936.78
2026-11-15,200.00,19.68,180.32,3756.46
2026-12-15,200.00,18.78,181.22,3575.24
2027-01-15,200.00,17.88,182.12,3393.12
2027-02-15,200.00,16.97,183.03,3210.09
2027-03-15,200.00,16.05,183.95,3026.14
2027-04-15,200.00,15.13,184.87,2841.27
2027-05-15,200.00,14.21,185.79,2655.48
2027-06-15,200.00,13.28,186.72,2468.76
2027-07-15,200.00,12.34,187.66,2281.10
2027-08-15,200.00,11.41,188.59,2092.51
2027-09-15,200.00,10.46,189.54,1902.97
2027-10-15,200.00,9.51,190.49,1712.48
2027-11-15,200.00,8.56,191.44,1521.04
2027-12-15,200.00,7.61,192.39,1328.65
2028-01-15,200.00,6.64,193.36,1135.29
2028-02-15,200.00,5.68,194.32,940.97
2028-03-15,200.00,4.70,195.30,745.67
2028-04-15,200.00,3.73,196.27,549.40
